product_id,impressions,purchases,avg_satisfaction,returns,conversion_rate,return_rate
charger_anker_nano_67w,1000,631,3.7869382229491317,59,0.631,0.09350237717908082
charger_anker_prime_100w,1000,399,3.3830958577994332,81,0.399,0.20300751879699247
charger_apple_35w_duo,1000,360,3.0584387495964855,83,0.36,0.23055555555555557
charger_baseus_65w,1000,473,3.103390179491733,112,0.473,0.23678646934460887
charger_belkin_25w,1000,504,3.189439208754242,108,0.504,0.21428571428571427
charger_samsung_45w,1000,514,3.401097699724441,84,0.514,0.16342412451361868
charger_ugreen_100w,1000,362,3.21097376657634,86,0.362,0.23756906077348067
charger_voltix_65w,1000,379,2.5459393080185104,167,0.379,0.44063324538258575
