cell_A,cell_B,n,A_wins,B_wins,ties,A_win_pct,B_win_pct,tie_pct,net_B_win_rate
00,01,60,13,47,0,0.21666666666666667,0.7833333333333333,0.0,0.5666666666666667
00,10,60,44,14,2,0.7333333333333333,0.23333333333333334,0.03333333333333333,-0.5
00,11,60,39,21,0,0.65,0.35,0.0,-0.3
01,11,60,43,17,0,0.7166666666666667,0.2833333333333333,0.0,-0.43333333333333335
10,01,60,16,44,0,0.26666666666666666,0.7333333333333333,0.0,0.4666666666666667
10,11,60,21,38,1,0.35,0.6333333333333333,0.016666666666666666,0.2833333333333333
