cell,persuasive_intensity_1_7,tradeoff_disclosure_1_7,regret_risk_1_7,trust_score_1_7
00,4.3,3.3,4.466666666666667,4.183333333333334
10,3.9833333333333334,3.9,5.066666666666666,4.066666666666666
01,4.366666666666666,4.266666666666667,4.5,4.766666666666667
11,4.066666666666666,4.266666666666667,5.016666666666667,4.283333333333333
