category,retrieval_change_rate,generic_top_product_share,history_top_product_share,generic_entropy,history_entropy,generic_hhi,history_hhi
headphones,0.8166666666666667,0.25,0.2833333333333333,3.0043533614255127,3.330980248887184,0.15055555555555555,0.13222222222222219
overall,0.8166666666666667,0.25,0.2833333333333333,3.0043533614255127,3.330980248887184,0.15055555555555555,0.13222222222222219
